Orig_country,Orig_City_name,Dest_country,Dest_City_name,year,month,Total_Est_Pax
South Korea,Seoul-Metro,Indonesia,Jakarta-Metro,2018,1,21421
South Korea,Seoul-Metro,Indonesia,Jakarta-Metro,2018,2,17746
South Korea,Seoul-Metro,Indonesia,Jakarta-Metro,2018,3,19665
South Korea,Seoul-Metro,Indonesia,Jakarta-Metro,2018,4,22339
South Korea,Seoul-Metro,Indonesia,Jakarta-Metro,2018,5,19891
South Korea,Seoul-Metro,Indonesia,Jakarta-Metro,2018,6,19010
South Korea,Seoul-Metro,Indonesia,Jakarta-Metro,2018,7,18757
South Korea,Seoul-Metro,Indonesia,Jakarta-Metro,2018,8,19609
South Korea,Seoul-Metro,Indonesia,Jakarta-Metro,2018,9,18375
South Korea,Seoul-Metro,Indonesia,Jakarta-Metro,2018,10,20636
South Korea,Seoul-Metro,Indonesia,Jakarta-Metro,2018,11,21650
South Korea,Seoul-Metro,Indonesia,Jakarta-Metro,2018,12,21528
South Korea,Seoul-Metro,Indonesia,Jakarta-Metro,2019,1,24048
South Korea,Seoul-Metro,Indonesia,Jakarta-Metro,2019,2,20799
South Korea,Seoul-Metro,Indonesia,Jakarta-Metro,2019,3,23318
South Korea,Seoul-Metro,Indonesia,Jakarta-Metro,2019,4,25274
South Korea,Seoul-Metro,Indonesia,Jakarta-Metro,2019,5,19425
South Korea,Seoul-Metro,Indonesia,Jakarta-Metro,2019,6,23846
South Korea,Seoul-Metro,Indonesia,Jakarta-Metro,2019,7,20070
South Korea,Seoul-Metro,Indonesia,Jakarta-Metro,2019,8,19231
South Korea,Seoul-Metro,Indonesia,Jakarta-Metro,2019,9,19455
South Korea,Seoul-Metro,Indonesia,Jakarta-Metro,2019,10,20756
South Korea,Seoul-Metro,Indonesia,Jakarta-Metro,2019,11,24077
South Korea,Seoul-Metro,Indonesia,Jakarta-Metro,2019,12,22482
South Korea,Seoul-Metro,Indonesia,Jakarta-Metro,2020,1,24175
South Korea,Seoul-Metro,Indonesia,Jakarta-Metro,2020,2,19319
South Korea,Seoul-Metro,Indonesia,Jakarta-Metro,2020,3,5195
South Korea,Seoul-Metro,Indonesia,Jakarta-Metro,2020,4,2252
South Korea,Seoul-Metro,Indonesia,Jakarta-Metro,2020,5,2960
South Korea,Seoul-Metro,Indonesia,Jakarta-Metro,2020,6,3061
South Korea,Seoul-Metro,Indonesia,Jakarta-Metro,2020,7,3856
South Korea,Seoul-Metro,Indonesia,Jakarta-Metro,2020,8,4203
South Korea,Seoul-Metro,Indonesia,Jakarta-Metro,2020,9,2723
South Korea,Seoul-Metro,Indonesia,Jakarta-Metro,2020,10,2674
South Korea,Seoul-Metro,Indonesia,Jakarta-Metro,2020,11,2640
South Korea,Seoul-Metro,Indonesia,Jakarta-Metro,2020,12,3125
South Korea,Seoul-Metro,Indonesia,Jakarta-Metro,2021,1,2678
South Korea,Seoul-Metro,Indonesia,Jakarta-Metro,2021,2,2293
South Korea,Seoul-Metro,Indonesia,Jakarta-Metro,2021,3,2662
South Korea,Seoul-Metro,Indonesia,Jakarta-Metro,2021,4,3101
South Korea,Seoul-Metro,Indonesia,Jakarta-Metro,2021,5,2684
South Korea,Seoul-Metro,Indonesia,Jakarta-Metro,2021,6,3656
South Korea,Seoul-Metro,Indonesia,Jakarta-Metro,2021,7,3258
South Korea,Seoul-Metro,Indonesia,Jakarta-Metro,2021,8,3507
South Korea,Seoul-Metro,Indonesia,Jakarta-Metro,2021,9,3295
South Korea,Seoul-Metro,Indonesia,Jakarta-Metro,2021,10,3565
South Korea,Seoul-Metro,Indonesia,Jakarta-Metro,2021,11,3644
South Korea,Seoul-Metro,Indonesia,Jakarta-Metro,2021,12,4281
South Korea,Seoul-Metro,Indonesia,Jakarta-Metro,2022,1,3576
South Korea,Seoul-Metro,Indonesia,Jakarta-Metro,2022,2,3384
South Korea,Seoul-Metro,Indonesia,Jakarta-Metro,2022,3,4420
South Korea,Seoul-Metro,Indonesia,Jakarta-Metro,2022,4,6770
South Korea,Seoul-Metro,Indonesia,Jakarta-Metro,2022,5,7344
South Korea,Seoul-Metro,Indonesia,Jakarta-Metro,2022,6,9391
South Korea,Seoul-Metro,Indonesia,Jakarta-Metro,2022,7,10798
South Korea,Seoul-Metro,Indonesia,Jakarta-Metro,2022,8,12798
South Korea,Seoul-Metro,Indonesia,Jakarta-Metro,2022,9,11790
South Korea,Seoul-Metro,Indonesia,Jakarta-Metro,2022,10,13612
South Korea,Seoul-Metro,Indonesia,Jakarta-Metro,2022,11,15289
South Korea,Seoul-Metro,Indonesia,Jakarta-Metro,2022,12,15920
South Korea,Seoul-Metro,Indonesia,Jakarta-Metro,2023,1,16919
South Korea,Seoul-Metro,Indonesia,Jakarta-Metro,2023,2,14612
South Korea,Seoul-Metro,Indonesia,Jakarta-Metro,2023,3,16665
South Korea,Seoul-Metro,Indonesia,Jakarta-Metro,2023,4,15913
South Korea,Seoul-Metro,Indonesia,Jakarta-Metro,2023,5,19832
South Korea,Seoul-Metro,Indonesia,Jakarta-Metro,2023,6,17219
South Korea,Seoul-Metro,Indonesia,Jakarta-Metro,2023,7,19504
South Korea,Seoul-Metro,Indonesia,Jakarta-Metro,2023,8,19011
South Korea,Seoul-Metro,Indonesia,Jakarta-Metro,2023,9,17635
South Korea,Seoul-Metro,Indonesia,Jakarta-Metro,2023,10,20899
South Korea,Seoul-Metro,Indonesia,Jakarta-Metro,2023,11,20210
South Korea,Seoul-Metro,Indonesia,Jakarta-Metro,2023,12,19044
South Korea,Seoul-Metro,Indonesia,Jakarta-Metro,2024,1,20457
South Korea,Seoul-Metro,Indonesia,Jakarta-Metro,2024,2,16970
South Korea,Seoul-Metro,Indonesia,Jakarta-Metro,2024,3,16933
South Korea,Seoul-Metro,Indonesia,Jakarta-Metro,2024,4,20938
South Korea,Seoul-Metro,Indonesia,Jakarta-Metro,2024,5,20232
South Korea,Seoul-Metro,Indonesia,Jakarta-Metro,2024,6,18616
South Korea,Seoul-Metro,Indonesia,Denpasar-Bali,2018,1,10740
South Korea,Seoul-Metro,Indonesia,Denpasar-Bali,2018,2,9848
South Korea,Seoul-Metro,Indonesia,Denpasar-Bali,2018,3,9971
South Korea,Seoul-Metro,Indonesia,Denpasar-Bali,2018,4,11955
South Korea,Seoul-Metro,Indonesia,Denpasar-Bali,2018,5,12548
South Korea,Seoul-Metro,Indonesia,Denpasar-Bali,2018,6,12575
South Korea,Seoul-Metro,Indonesia,Denpasar-Bali,2018,7,14458
South Korea,Seoul-Metro,Indonesia,Denpasar-Bali,2018,8,12951
South Korea,Seoul-Metro,Indonesia,Denpasar-Bali,2018,9,12105
South Korea,Seoul-Metro,Indonesia,Denpasar-Bali,2018,10,13582
South Korea,Seoul-Metro,Indonesia,Denpasar-Bali,2018,11,12952
South Korea,Seoul-Metro,Indonesia,Denpasar-Bali,2018,12,13072
South Korea,Seoul-Metro,Indonesia,Denpasar-Bali,2019,1,12959
South Korea,Seoul-Metro,Indonesia,Denpasar-Bali,2019,2,12604
South Korea,Seoul-Metro,Indonesia,Denpasar-Bali,2019,3,13022
South Korea,Seoul-Metro,Indonesia,Denpasar-Bali,2019,4,13319
South Korea,Seoul-Metro,Indonesia,Denpasar-Bali,2019,5,15730
South Korea,Seoul-Metro,Indonesia,Denpasar-Bali,2019,6,16209
South Korea,Seoul-Metro,Indonesia,Denpasar-Bali,2019,7,17361
South Korea,Seoul-Metro,Indonesia,Denpasar-Bali,2019,8,18183
South Korea,Seoul-Metro,Indonesia,Denpasar-Bali,2019,9,17229
South Korea,Seoul-Metro,Indonesia,Denpasar-Bali,2019,10,14414
South Korea,Seoul-Metro,Indonesia,Denpasar-Bali,2019,11,17657
South Korea,Seoul-Metro,Indonesia,Denpasar-Bali,2019,12,17568
South Korea,Seoul-Metro,Indonesia,Denpasar-Bali,2020,1,18203
South Korea,Seoul-Metro,Indonesia,Denpasar-Bali,2020,2,12754
South Korea,Seoul-Metro,Indonesia,Denpasar-Bali,2020,3,4488
South Korea,Seoul-Metro,Indonesia,Denpasar-Bali,2020,4,697
South Korea,Seoul-Metro,Indonesia,Denpasar-Bali,2020,5,77
South Korea,Seoul-Metro,Indonesia,Denpasar-Bali,2020,6,137
South Korea,Seoul-Metro,Indonesia,Denpasar-Bali,2020,7,61
South Korea,Seoul-Metro,Indonesia,Denpasar-Bali,2020,8,469
South Korea,Seoul-Metro,Indonesia,Denpasar-Bali,2020,9,241
South Korea,Seoul-Metro,Indonesia,Denpasar-Bali,2020,10,177
South Korea,Seoul-Metro,Indonesia,Denpasar-Bali,2020,11,274
South Korea,Seoul-Metro,Indonesia,Denpasar-Bali,2020,12,360
South Korea,Seoul-Metro,Indonesia,Denpasar-Bali,2021,1,154
South Korea,Seoul-Metro,Indonesia,Denpasar-Bali,2021,2,104
South Korea,Seoul-Metro,Indonesia,Denpasar-Bali,2021,3,78
South Korea,Seoul-Metro,Indonesia,Denpasar-Bali,2021,4,148
South Korea,Seoul-Metro,Indonesia,Denpasar-Bali,2021,5,65
South Korea,Seoul-Metro,Indonesia,Denpasar-Bali,2021,6,130
South Korea,Seoul-Metro,Indonesia,Denpasar-Bali,2021,7,39
South Korea,Seoul-Metro,Indonesia,Denpasar-Bali,2021,8,8
South Korea,Seoul-Metro,Indonesia,Denpasar-Bali,2021,9,76
South Korea,Seoul-Metro,Indonesia,Denpasar-Bali,2021,10,116
South Korea,Seoul-Metro,Indonesia,Denpasar-Bali,2021,11,40
South Korea,Seoul-Metro,Indonesia,Denpasar-Bali,2021,12,27
South Korea,Seoul-Metro,Indonesia,Denpasar-Bali,2022,1,77
South Korea,Seoul-Metro,Indonesia,Denpasar-Bali,2022,2,14
South Korea,Seoul-Metro,Indonesia,Denpasar-Bali,2022,3,256
South Korea,Seoul-Metro,Indonesia,Denpasar-Bali,2022,4,203
South Korea,Seoul-Metro,Indonesia,Denpasar-Bali,2022,5,882
South Korea,Seoul-Metro,Indonesia,Denpasar-Bali,2022,6,2031
South Korea,Seoul-Metro,Indonesia,Denpasar-Bali,2022,7,4529
South Korea,Seoul-Metro,Indonesia,Denpasar-Bali,2022,8,4996
South Korea,Seoul-Metro,Indonesia,Denpasar-Bali,2022,9,5928
South Korea,Seoul-Metro,Indonesia,Denpasar-Bali,2022,10,9010
South Korea,Seoul-Metro,Indonesia,Denpasar-Bali,2022,11,16101
South Korea,Seoul-Metro,Indonesia,Denpasar-Bali,2022,12,11583
South Korea,Seoul-Metro,Indonesia,Denpasar-Bali,2023,1,13549
South Korea,Seoul-Metro,Indonesia,Denpasar-Bali,2023,2,12619
South Korea,Seoul-Metro,Indonesia,Denpasar-Bali,2023,3,11958
South Korea,Seoul-Metro,Indonesia,Denpasar-Bali,2023,4,11765
South Korea,Seoul-Metro,Indonesia,Denpasar-Bali,2023,5,13953
South Korea,Seoul-Metro,Indonesia,Denpasar-Bali,2023,6,14392
South Korea,Seoul-Metro,Indonesia,Denpasar-Bali,2023,7,19289
South Korea,Seoul-Metro,Indonesia,Denpasar-Bali,2023,8,17913
South Korea,Seoul-Metro,Indonesia,Denpasar-Bali,2023,9,17332
South Korea,Seoul-Metro,Indonesia,Denpasar-Bali,2023,10,16555
South Korea,Seoul-Metro,Indonesia,Denpasar-Bali,2023,11,14409
South Korea,Seoul-Metro,Indonesia,Denpasar-Bali,2023,12,15037
South Korea,Seoul-Metro,Indonesia,Denpasar-Bali,2024,1,17148
South Korea,Seoul-Metro,Indonesia,Denpasar-Bali,2024,2,15253
South Korea,Seoul-Metro,Indonesia,Denpasar-Bali,2024,3,14850
South Korea,Seoul-Metro,Indonesia,Denpasar-Bali,2024,4,16329
South Korea,Seoul-Metro,Indonesia,Denpasar-Bali,2024,5,17913
South Korea,Seoul-Metro,Indonesia,Denpasar-Bali,2024,6,18332
South Korea,Busan,Indonesia,Jakarta-Metro,2018,1,1533
South Korea,Busan,Indonesia,Jakarta-Metro,2018,2,1375
South Korea,Busan,Indonesia,Jakarta-Metro,2018,3,1570
South Korea,Busan,Indonesia,Jakarta-Metro,2018,4,1806
South Korea,Busan,Indonesia,Jakarta-Metro,2018,5,2067
South Korea,Busan,Indonesia,Jakarta-Metro,2018,6,1719
South Korea,Busan,Indonesia,Jakarta-Metro,2018,7,1878
South Korea,Busan,Indonesia,Jakarta-Metro,2018,8,1637
South Korea,Busan,Indonesia,Jakarta-Metro,2018,9,1431
South Korea,Busan,Indonesia,Jakarta-Metro,2018,10,1849
South Korea,Busan,Indonesia,Jakarta-Metro,2018,11,2421
South Korea,Busan,Indonesia,Jakarta-Metro,2018,12,2031
South Korea,Busan,Indonesia,Jakarta-Metro,2019,1,1447
South Korea,Busan,Indonesia,Jakarta-Metro,2019,2,1384
South Korea,Busan,Indonesia,Jakarta-Metro,2019,3,1915
South Korea,Busan,Indonesia,Jakarta-Metro,2019,4,2085
South Korea,Busan,Indonesia,Jakarta-Metro,2019,5,1595
South Korea,Busan,Indonesia,Jakarta-Metro,2019,6,2124
South Korea,Busan,Indonesia,Jakarta-Metro,2019,7,2120
South Korea,Busan,Indonesia,Jakarta-Metro,2019,8,1701
South Korea,Busan,Indonesia,Jakarta-Metro,2019,9,1414
South Korea,Busan,Indonesia,Jakarta-Metro,2019,10,1541
South Korea,Busan,Indonesia,Jakarta-Metro,2019,11,2422
South Korea,Busan,Indonesia,Jakarta-Metro,2019,12,3352
South Korea,Busan,Indonesia,Jakarta-Metro,2020,1,1545
South Korea,Busan,Indonesia,Jakarta-Metro,2020,2,1636
South Korea,Busan,Indonesia,Jakarta-Metro,2020,3,1018
South Korea,Busan,Indonesia,Jakarta-Metro,2020,4,259
South Korea,Busan,Indonesia,Jakarta-Metro,2020,5,243
South Korea,Busan,Indonesia,Jakarta-Metro,2020,6,182
South Korea,Busan,Indonesia,Jakarta-Metro,2020,7,263
South Korea,Busan,Indonesia,Jakarta-Metro,2020,8,252
South Korea,Busan,Indonesia,Jakarta-Metro,2020,9,315
South Korea,Busan,Indonesia,Jakarta-Metro,2020,10,270
South Korea,Busan,Indonesia,Jakarta-Metro,2020,11,425
South Korea,Busan,Indonesia,Jakarta-Metro,2020,12,272
South Korea,Busan,Indonesia,Jakarta-Metro,2021,1,261
South Korea,Busan,Indonesia,Jakarta-Metro,2021,2,259
South Korea,Busan,Indonesia,Jakarta-Metro,2021,3,379
South Korea,Busan,Indonesia,Jakarta-Metro,2021,4,300
South Korea,Busan,Indonesia,Jakarta-Metro,2021,5,248
South Korea,Busan,Indonesia,Jakarta-Metro,2021,6,315
South Korea,Busan,Indonesia,Jakarta-Metro,2021,7,157
South Korea,Busan,Indonesia,Jakarta-Metro,2021,8,179
South Korea,Busan,Indonesia,Jakarta-Metro,2021,9,239
South Korea,Busan,Indonesia,Jakarta-Metro,2021,10,414
South Korea,Busan,Indonesia,Jakarta-Metro,2021,11,749
South Korea,Busan,Indonesia,Jakarta-Metro,2021,12,458
South Korea,Busan,Indonesia,Jakarta-Metro,2022,1,290
South Korea,Busan,Indonesia,Jakarta-Metro,2022,2,432
South Korea,Busan,Indonesia,Jakarta-Metro,2022,3,397
South Korea,Busan,Indonesia,Jakarta-Metro,2022,4,528
South Korea,Busan,Indonesia,Jakarta-Metro,2022,5,981
South Korea,Busan,Indonesia,Jakarta-Metro,2022,6,756
South Korea,Busan,Indonesia,Jakarta-Metro,2022,7,1152
South Korea,Busan,Indonesia,Jakarta-Metro,2022,8,1063
South Korea,Busan,Indonesia,Jakarta-Metro,2022,9,1103
South Korea,Busan,Indonesia,Jakarta-Metro,2022,10,1264
South Korea,Busan,Indonesia,Jakarta-Metro,2022,11,980
South Korea,Busan,Indonesia,Jakarta-Metro,2022,12,1022
South Korea,Busan,Indonesia,Jakarta-Metro,2023,1,963
South Korea,Busan,Indonesia,Jakarta-Metro,2023,2,1203
South Korea,Busan,Indonesia,Jakarta-Metro,2023,3,1507
South Korea,Busan,Indonesia,Jakarta-Metro,2023,4,1439
South Korea,Busan,Indonesia,Jakarta-Metro,2023,5,1292
South Korea,Busan,Indonesia,Jakarta-Metro,2023,6,1311
South Korea,Busan,Indonesia,Jakarta-Metro,2023,7,1488
South Korea,Busan,Indonesia,Jakarta-Metro,2023,8,1431
South Korea,Busan,Indonesia,Jakarta-Metro,2023,9,1332
South Korea,Busan,Indonesia,Jakarta-Metro,2023,10,1742
South Korea,Busan,Indonesia,Jakarta-Metro,2023,11,1769
South Korea,Busan,Indonesia,Jakarta-Metro,2023,12,2030
South Korea,Busan,Indonesia,Jakarta-Metro,2024,1,2057
South Korea,Busan,Indonesia,Jakarta-Metro,2024,2,1891
South Korea,Busan,Indonesia,Jakarta-Metro,2024,3,2319
South Korea,Busan,Indonesia,Jakarta-Metro,2024,4,2217
South Korea,Busan,Indonesia,Jakarta-Metro,2024,5,1821
South Korea,Busan,Indonesia,Jakarta-Metro,2024,6,1689
South Korea,Seoul-Metro,Indonesia,Surabaya,2018,1,2037
South Korea,Seoul-Metro,Indonesia,Surabaya,2018,2,1546
South Korea,Seoul-Metro,Indonesia,Surabaya,2018,3,1696
South Korea,Seoul-Metro,Indonesia,Surabaya,2018,4,1880
South Korea,Seoul-Metro,Indonesia,Surabaya,2018,5,1641
South Korea,Seoul-Metro,Indonesia,Surabaya,2018,6,2088
South Korea,Seoul-Metro,Indonesia,Surabaya,2018,7,1769
South Korea,Seoul-Metro,Indonesia,Surabaya,2018,8,1682
South Korea,Seoul-Metro,Indonesia,Surabaya,2018,9,1446
South Korea,Seoul-Metro,Indonesia,Surabaya,2018,10,1611
South Korea,Seoul-Metro,Indonesia,Surabaya,2018,11,1741
South Korea,Seoul-Metro,Indonesia,Surabaya,2018,12,1600
South Korea,Seoul-Metro,Indonesia,Surabaya,2019,1,2145
South Korea,Seoul-Metro,Indonesia,Surabaya,2019,2,2057
South Korea,Seoul-Metro,Indonesia,Surabaya,2019,3,2109
South Korea,Seoul-Metro,Indonesia,Surabaya,2019,4,2485
South Korea,Seoul-Metro,Indonesia,Surabaya,2019,5,2102
South Korea,Seoul-Metro,Indonesia,Surabaya,2019,6,2775
South Korea,Seoul-Metro,Indonesia,Surabaya,2019,7,2112
South Korea,Seoul-Metro,Indonesia,Surabaya,2019,8,1743
South Korea,Seoul-Metro,Indonesia,Surabaya,2019,9,1637
South Korea,Seoul-Metro,Indonesia,Surabaya,2019,10,2016
South Korea,Seoul-Metro,Indonesia,Surabaya,2019,11,2063
South Korea,Seoul-Metro,Indonesia,Surabaya,2019,12,1939
South Korea,Seoul-Metro,Indonesia,Surabaya,2020,1,2323
South Korea,Seoul-Metro,Indonesia,Surabaya,2020,2,1561
South Korea,Seoul-Metro,Indonesia,Surabaya,2020,3,760
South Korea,Seoul-Metro,Indonesia,Surabaya,2020,4,464
South Korea,Seoul-Metro,Indonesia,Surabaya,2020,5,136
South Korea,Seoul-Metro,Indonesia,Surabaya,2020,6,213
South Korea,Seoul-Metro,Indonesia,Surabaya,2020,7,190
South Korea,Seoul-Metro,Indonesia,Surabaya,2020,8,380
South Korea,Seoul-Metro,Indonesia,Surabaya,2020,9,243
South Korea,Seoul-Metro,Indonesia,Surabaya,2020,10,201
South Korea,Seoul-Metro,Indonesia,Surabaya,2020,11,347
South Korea,Seoul-Metro,Indonesia,Surabaya,2020,12,299
South Korea,Seoul-Metro,Indonesia,Surabaya,2021,1,179
South Korea,Seoul-Metro,Indonesia,Surabaya,2021,2,158
South Korea,Seoul-Metro,Indonesia,Surabaya,2021,3,161
South Korea,Seoul-Metro,Indonesia,Surabaya,2021,4,124
South Korea,Seoul-Metro,Indonesia,Surabaya,2021,5,88
South Korea,Seoul-Metro,Indonesia,Surabaya,2021,6,89
South Korea,Seoul-Metro,Indonesia,Surabaya,2021,7,74
South Korea,Seoul-Metro,Indonesia,Surabaya,2021,8,45
South Korea,Seoul-Metro,Indonesia,Surabaya,2021,9,84
South Korea,Seoul-Metro,Indonesia,Surabaya,2021,10,124
South Korea,Seoul-Metro,Indonesia,Surabaya,2021,11,82
South Korea,Seoul-Metro,Indonesia,Surabaya,2021,12,96
South Korea,Seoul-Metro,Indonesia,Surabaya,2022,1,112
South Korea,Seoul-Metro,Indonesia,Surabaya,2022,2,97
South Korea,Seoul-Metro,Indonesia,Surabaya,2022,3,164
South Korea,Seoul-Metro,Indonesia,Surabaya,2022,4,191
South Korea,Seoul-Metro,Indonesia,Surabaya,2022,5,280
South Korea,Seoul-Metro,Indonesia,Surabaya,2022,6,420
South Korea,Seoul-Metro,Indonesia,Surabaya,2022,7,773
South Korea,Seoul-Metro,Indonesia,Surabaya,2022,8,876
South Korea,Seoul-Metro,Indonesia,Surabaya,2022,9,715
South Korea,Seoul-Metro,Indonesia,Surabaya,2022,10,655
South Korea,Seoul-Metro,Indonesia,Surabaya,2022,11,940
South Korea,Seoul-Metro,Indonesia,Surabaya,2022,12,1168
South Korea,Seoul-Metro,Indonesia,Surabaya,2023,1,1589
South Korea,Seoul-Metro,Indonesia,Surabaya,2023,2,1227
South Korea,Seoul-Metro,Indonesia,Surabaya,2023,3,1172
South Korea,Seoul-Metro,Indonesia,Surabaya,2023,4,1228
South Korea,Seoul-Metro,Indonesia,Surabaya,2023,5,1716
South Korea,Seoul-Metro,Indonesia,Surabaya,2023,6,1701
South Korea,Seoul-Metro,Indonesia,Surabaya,2023,7,2189
South Korea,Seoul-Metro,Indonesia,Surabaya,2023,8,1411
South Korea,Seoul-Metro,Indonesia,Surabaya,2023,9,1188
South Korea,Seoul-Metro,Indonesia,Surabaya,2023,10,1684
South Korea,Seoul-Metro,Indonesia,Surabaya,2023,11,1733
South Korea,Seoul-Metro,Indonesia,Surabaya,2023,12,1594
South Korea,Seoul-Metro,Indonesia,Surabaya,2024,1,1864
South Korea,Seoul-Metro,Indonesia,Surabaya,2024,2,1473
South Korea,Seoul-Metro,Indonesia,Surabaya,2024,3,1271
South Korea,Seoul-Metro,Indonesia,Surabaya,2024,4,1874
South Korea,Seoul-Metro,Indonesia,Surabaya,2024,5,1330
South Korea,Seoul-Metro,Indonesia,Surabaya,2024,6,1458
South Korea,Seoul-Metro,Indonesia,Yogyakarta,2018,1,1363
South Korea,Seoul-Metro,Indonesia,Yogyakarta,2018,2,1019
South Korea,Seoul-Metro,Indonesia,Yogyakarta,2018,3,1246
South Korea,Seoul-Metro,Indonesia,Yogyakarta,2018,4,968
South Korea,Seoul-Metro,Indonesia,Yogyakarta,2018,5,1125
South Korea,Seoul-Metro,Indonesia,Yogyakarta,2018,6,1283
South Korea,Seoul-Metro,Indonesia,Yogyakarta,2018,7,1283
South Korea,Seoul-Metro,Indonesia,Yogyakarta,2018,8,1045
South Korea,Seoul-Metro,Indonesia,Yogyakarta,2018,9,1191
South Korea,Seoul-Metro,Indonesia,Yogyakarta,2018,10,1145
South Korea,Seoul-Metro,Indonesia,Yogyakarta,2018,11,911
South Korea,Seoul-Metro,Indonesia,Yogyakarta,2018,12,792
South Korea,Seoul-Metro,Indonesia,Yogyakarta,2019,1,894
South Korea,Seoul-Metro,Indonesia,Yogyakarta,2019,2,1221
South Korea,Seoul-Metro,Indonesia,Yogyakarta,2019,3,1071
South Korea,Seoul-Metro,Indonesia,Yogyakarta,2019,4,883
South Korea,Seoul-Metro,Indonesia,Yogyakarta,2019,5,1300
South Korea,Seoul-Metro,Indonesia,Yogyakarta,2019,6,981
South Korea,Seoul-Metro,Indonesia,Yogyakarta,2019,7,1280
South Korea,Seoul-Metro,Indonesia,Yogyakarta,2019,8,1212
South Korea,Seoul-Metro,Indonesia,Yogyakarta,2019,9,1107
South Korea,Seoul-Metro,Indonesia,Yogyakarta,2019,10,927
South Korea,Seoul-Metro,Indonesia,Yogyakarta,2019,11,880
South Korea,Seoul-Metro,Indonesia,Yogyakarta,2019,12,933
South Korea,Seoul-Metro,Indonesia,Yogyakarta,2020,1,1186
South Korea,Seoul-Metro,Indonesia,Yogyakarta,2020,2,935
South Korea,Seoul-Metro,Indonesia,Yogyakarta,2020,3,665
South Korea,Seoul-Metro,Indonesia,Yogyakarta,2020,4,60
South Korea,Seoul-Metro,Indonesia,Yogyakarta,2020,5,10
South Korea,Seoul-Metro,Indonesia,Yogyakarta,2020,6,9
South Korea,Seoul-Metro,Indonesia,Yogyakarta,2020,7,33
South Korea,Seoul-Metro,Indonesia,Yogyakarta,2020,8,41
South Korea,Seoul-Metro,Indonesia,Yogyakarta,2020,9,11
South Korea,Seoul-Metro,Indonesia,Yogyakarta,2020,10,2
South Korea,Seoul-Metro,Indonesia,Yogyakarta,2020,11,1
South Korea,Seoul-Metro,Indonesia,Yogyakarta,2020,12,4
South Korea,Seoul-Metro,Indonesia,Yogyakarta,2021,1,1
South Korea,Seoul-Metro,Indonesia,Yogyakarta,2021,2,0
South Korea,Seoul-Metro,Indonesia,Yogyakarta,2021,6,0
South Korea,Seoul-Metro,Indonesia,Yogyakarta,2021,7,0
South Korea,Seoul-Metro,Indonesia,Yogyakarta,2021,11,0
South Korea,Seoul-Metro,Indonesia,Yogyakarta,2021,12,1
South Korea,Seoul-Metro,Indonesia,Yogyakarta,2022,6,40
South Korea,Seoul-Metro,Indonesia,Yogyakarta,2022,6,7
South Korea,Seoul-Metro,Indonesia,Yogyakarta,2022,7,106
South Korea,Seoul-Metro,Indonesia,Yogyakarta,2022,7,13
South Korea,Seoul-Metro,Indonesia,Yogyakarta,2022,8,32
South Korea,Seoul-Metro,Indonesia,Yogyakarta,2022,8,146
South Korea,Seoul-Metro,Indonesia,Yogyakarta,2022,9,29
South Korea,Seoul-Metro,Indonesia,Yogyakarta,2022,9,125
South Korea,Seoul-Metro,Indonesia,Yogyakarta,2022,10,75
South Korea,Seoul-Metro,Indonesia,Yogyakarta,2022,10,34
South Korea,Seoul-Metro,Indonesia,Yogyakarta,2022,11,12
South Korea,Seoul-Metro,Indonesia,Yogyakarta,2022,11,52
South Korea,Seoul-Metro,Indonesia,Yogyakarta,2022,12,16
South Korea,Seoul-Metro,Indonesia,Yogyakarta,2022,12,67
South Korea,Seoul-Metro,Indonesia,Yogyakarta,2023,1,125
South Korea,Seoul-Metro,Indonesia,Yogyakarta,2023,1,15
South Korea,Seoul-Metro,Indonesia,Yogyakarta,2023,2,10
South Korea,Seoul-Metro,Indonesia,Yogyakarta,2023,2,174
South Korea,Seoul-Metro,Indonesia,Yogyakarta,2023,3,116
South Korea,Seoul-Metro,Indonesia,Yogyakarta,2023,3,14
South Korea,Seoul-Metro,Indonesia,Yogyakarta,2023,4,168
South Korea,Seoul-Metro,Indonesia,Yogyakarta,2023,4,9
South Korea,Seoul-Metro,Indonesia,Yogyakarta,2023,5,6
South Korea,Seoul-Metro,Indonesia,Yogyakarta,2023,5,141
South Korea,Seoul-Metro,Indonesia,Yogyakarta,2023,6,10
South Korea,Seoul-Metro,Indonesia,Yogyakarta,2023,6,321
South Korea,Seoul-Metro,Indonesia,Yogyakarta,2023,7,561
South Korea,Seoul-Metro,Indonesia,Yogyakarta,2023,7,2
South Korea,Seoul-Metro,Indonesia,Yogyakarta,2023,8,15
South Korea,Seoul-Metro,Indonesia,Yogyakarta,2023,8,308
South Korea,Seoul-Metro,Indonesia,Yogyakarta,2023,9,18
South Korea,Seoul-Metro,Indonesia,Yogyakarta,2023,9,222
South Korea,Seoul-Metro,Indonesia,Yogyakarta,2023,10,213
South Korea,Seoul-Metro,Indonesia,Yogyakarta,2023,10,18
South Korea,Seoul-Metro,Indonesia,Yogyakarta,2023,11,14
South Korea,Seoul-Metro,Indonesia,Yogyakarta,2023,11,180
South Korea,Seoul-Metro,Indonesia,Yogyakarta,2023,12,260
South Korea,Seoul-Metro,Indonesia,Yogyakarta,2024,1,325
South Korea,Seoul-Metro,Indonesia,Yogyakarta,2024,2,231
South Korea,Seoul-Metro,Indonesia,Yogyakarta,2024,3,225
South Korea,Seoul-Metro,Indonesia,Yogyakarta,2024,4,314
South Korea,Seoul-Metro,Indonesia,Yogyakarta,2024,5,280
South Korea,Seoul-Metro,Indonesia,Yogyakarta,2024,6,256
South Korea,Busan,Indonesia,Denpasar-Bali,2018,1,649
South Korea,Busan,Indonesia,Denpasar-Bali,2018,2,543
South Korea,Busan,Indonesia,Denpasar-Bali,2018,3,654
South Korea,Busan,Indonesia,Denpasar-Bali,2018,4,691
South Korea,Busan,Indonesia,Denpasar-Bali,2018,5,729
South Korea,Busan,Indonesia,Denpasar-Bali,2018,6,682
South Korea,Busan,Indonesia,Denpasar-Bali,2018,7,974
South Korea,Busan,Indonesia,Denpasar-Bali,2018,8,850
South Korea,Busan,Indonesia,Denpasar-Bali,2018,9,862
South Korea,Busan,Indonesia,Denpasar-Bali,2018,10,922
South Korea,Busan,Indonesia,Denpasar-Bali,2018,11,787
South Korea,Busan,Indonesia,Denpasar-Bali,2018,12,910
South Korea,Busan,Indonesia,Denpasar-Bali,2019,1,759
South Korea,Busan,Indonesia,Denpasar-Bali,2019,2,709
South Korea,Busan,Indonesia,Denpasar-Bali,2019,3,596
South Korea,Busan,Indonesia,Denpasar-Bali,2019,4,819
South Korea,Busan,Indonesia,Denpasar-Bali,2019,5,948
South Korea,Busan,Indonesia,Denpasar-Bali,2019,6,853
South Korea,Busan,Indonesia,Denpasar-Bali,2019,7,923
South Korea,Busan,Indonesia,Denpasar-Bali,2019,8,878
South Korea,Busan,Indonesia,Denpasar-Bali,2019,9,731
South Korea,Busan,Indonesia,Denpasar-Bali,2019,10,945
South Korea,Busan,Indonesia,Denpasar-Bali,2019,11,1043
South Korea,Busan,Indonesia,Denpasar-Bali,2019,12,1174
South Korea,Busan,Indonesia,Denpasar-Bali,2020,1,1072
South Korea,Busan,Indonesia,Denpasar-Bali,2020,2,665
South Korea,Busan,Indonesia,Denpasar-Bali,2020,3,237
South Korea,Busan,Indonesia,Denpasar-Bali,2020,4,7
South Korea,Busan,Indonesia,Denpasar-Bali,2022,6,0
South Korea,Busan,Indonesia,Denpasar-Bali,2022,7,47
South Korea,Busan,Indonesia,Denpasar-Bali,2022,8,182
South Korea,Busan,Indonesia,Denpasar-Bali,2022,9,101
South Korea,Busan,Indonesia,Denpasar-Bali,2022,10,168
South Korea,Busan,Indonesia,Denpasar-Bali,2022,11,99
South Korea,Busan,Indonesia,Denpasar-Bali,2022,12,167
South Korea,Busan,Indonesia,Denpasar-Bali,2023,1,127
South Korea,Busan,Indonesia,Denpasar-Bali,2023,2,256
South Korea,Busan,Indonesia,Denpasar-Bali,2023,3,328
South Korea,Busan,Indonesia,Denpasar-Bali,2023,4,249
South Korea,Busan,Indonesia,Denpasar-Bali,2023,5,229
South Korea,Busan,Indonesia,Denpasar-Bali,2023,6,236
South Korea,Busan,Indonesia,Denpasar-Bali,2023,7,411
South Korea,Busan,Indonesia,Denpasar-Bali,2023,8,422
South Korea,Busan,Indonesia,Denpasar-Bali,2023,9,607
South Korea,Busan,Indonesia,Denpasar-Bali,2023,10,623
South Korea,Busan,Indonesia,Denpasar-Bali,2023,11,652
South Korea,Busan,Indonesia,Denpasar-Bali,2023,12,845
South Korea,Busan,Indonesia,Denpasar-Bali,2024,1,782
South Korea,Busan,Indonesia,Denpasar-Bali,2024,2,415
South Korea,Busan,Indonesia,Denpasar-Bali,2024,3,655
South Korea,Busan,Indonesia,Denpasar-Bali,2024,4,497
South Korea,Busan,Indonesia,Denpasar-Bali,2024,5,519
South Korea,Busan,Indonesia,Denpasar-Bali,2024,6,440
South Korea,Seoul-Metro,Indonesia,Medan,2018,1,244
South Korea,Seoul-Metro,Indonesia,Medan,2018,2,156
South Korea,Seoul-Metro,Indonesia,Medan,2018,3,474
South Korea,Seoul-Metro,Indonesia,Medan,2018,4,344
South Korea,Seoul-Metro,Indonesia,Medan,2018,5,296
South Korea,Seoul-Metro,Indonesia,Medan,2018,6,255
South Korea,Seoul-Metro,Indonesia,Medan,2018,7,426
South Korea,Seoul-Metro,Indonesia,Medan,2018,8,200
South Korea,Seoul-Metro,Indonesia,Medan,2018,9,225
South Korea,Seoul-Metro,Indonesia,Medan,2018,10,446
South Korea,Seoul-Metro,Indonesia,Medan,2018,11,569
South Korea,Seoul-Metro,Indonesia,Medan,2018,12,242
South Korea,Seoul-Metro,Indonesia,Medan,2019,1,398
South Korea,Seoul-Metro,Indonesia,Medan,2019,2,328
South Korea,Seoul-Metro,Indonesia,Medan,2019,3,746
South Korea,Seoul-Metro,Indonesia,Medan,2019,4,880
South Korea,Seoul-Metro,Indonesia,Medan,2019,5,453
South Korea,Seoul-Metro,Indonesia,Medan,2019,6,505
South Korea,Seoul-Metro,Indonesia,Medan,2019,7,378
South Korea,Seoul-Metro,Indonesia,Medan,2019,8,221
South Korea,Seoul-Metro,Indonesia,Medan,2019,9,297
South Korea,Seoul-Metro,Indonesia,Medan,2019,10,641
South Korea,Seoul-Metro,Indonesia,Medan,2019,11,646
South Korea,Seoul-Metro,Indonesia,Medan,2019,12,209
South Korea,Seoul-Metro,Indonesia,Medan,2020,1,763
South Korea,Seoul-Metro,Indonesia,Medan,2020,2,351
South Korea,Seoul-Metro,Indonesia,Medan,2020,3,22
South Korea,Seoul-Metro,Indonesia,Medan,2020,8,3
South Korea,Seoul-Metro,Indonesia,Medan,2020,9,11
South Korea,Seoul-Metro,Indonesia,Medan,2020,10,1
South Korea,Seoul-Metro,Indonesia,Medan,2020,12,3
South Korea,Seoul-Metro,Indonesia,Medan,2021,1,4
South Korea,Seoul-Metro,Indonesia,Medan,2021,2,17
South Korea,Seoul-Metro,Indonesia,Medan,2021,3,13
South Korea,Seoul-Metro,Indonesia,Medan,2021,4,7
South Korea,Seoul-Metro,Indonesia,Medan,2021,5,10
South Korea,Seoul-Metro,Indonesia,Medan,2021,6,4
South Korea,Seoul-Metro,Indonesia,Medan,2021,7,4
South Korea,Seoul-Metro,Indonesia,Medan,2021,8,7
South Korea,Seoul-Metro,Indonesia,Medan,2021,9,33
South Korea,Seoul-Metro,Indonesia,Medan,2021,10,2
South Korea,Seoul-Metro,Indonesia,Medan,2022,4,7
South Korea,Seoul-Metro,Indonesia,Medan,2022,5,28
South Korea,Seoul-Metro,Indonesia,Medan,2022,6,78
South Korea,Seoul-Metro,Indonesia,Medan,2022,7,192
South Korea,Seoul-Metro,Indonesia,Medan,2022,8,122
South Korea,Seoul-Metro,Indonesia,Medan,2022,9,136
South Korea,Seoul-Metro,Indonesia,Medan,2022,10,141
South Korea,Seoul-Metro,Indonesia,Medan,2022,11,209
South Korea,Seoul-Metro,Indonesia,Medan,2022,12,268
South Korea,Seoul-Metro,Indonesia,Medan,2023,1,314
South Korea,Seoul-Metro,Indonesia,Medan,2023,2,208
South Korea,Seoul-Metro,Indonesia,Medan,2023,3,279
South Korea,Seoul-Metro,Indonesia,Medan,2023,4,531
South Korea,Seoul-Metro,Indonesia,Medan,2023,5,543
South Korea,Seoul-Metro,Indonesia,Medan,2023,6,466
South Korea,Seoul-Metro,Indonesia,Medan,2023,7,571
South Korea,Seoul-Metro,Indonesia,Medan,2023,8,421
South Korea,Seoul-Metro,Indonesia,Medan,2023,9,359
South Korea,Seoul-Metro,Indonesia,Medan,2023,10,535
South Korea,Seoul-Metro,Indonesia,Medan,2023,11,597
South Korea,Seoul-Metro,Indonesia,Medan,2023,12,404
South Korea,Seoul-Metro,Indonesia,Medan,2024,1,641
South Korea,Seoul-Metro,Indonesia,Medan,2024,2,401
South Korea,Seoul-Metro,Indonesia,Medan,2024,3,310
South Korea,Seoul-Metro,Indonesia,Medan,2024,4,622
South Korea,Seoul-Metro,Indonesia,Medan,2024,5,396
South Korea,Seoul-Metro,Indonesia,Medan,2024,6,489
South Korea,Seoul-Metro,Indonesia,Semarang,2018,1,320
South Korea,Seoul-Metro,Indonesia,Semarang,2018,2,386
South Korea,Seoul-Metro,Indonesia,Semarang,2018,3,429
South Korea,Seoul-Metro,Indonesia,Semarang,2018,4,321
South Korea,Seoul-Metro,Indonesia,Semarang,2018,5,386
South Korea,Seoul-Metro,Indonesia,Semarang,2018,6,771
South Korea,Seoul-Metro,Indonesia,Semarang,2018,7,642
South Korea,Seoul-Metro,Indonesia,Semarang,2018,8,597
South Korea,Seoul-Metro,Indonesia,Semarang,2018,9,247
South Korea,Seoul-Metro,Indonesia,Semarang,2018,10,544
South Korea,Seoul-Metro,Indonesia,Semarang,2018,11,297
South Korea,Seoul-Metro,Indonesia,Semarang,2018,12,320
South Korea,Seoul-Metro,Indonesia,Semarang,2019,1,438
South Korea,Seoul-Metro,Indonesia,Semarang,2019,2,376
South Korea,Seoul-Metro,Indonesia,Semarang,2019,3,451
South Korea,Seoul-Metro,Indonesia,Semarang,2019,4,315
South Korea,Seoul-Metro,Indonesia,Semarang,2019,5,649
South Korea,Seoul-Metro,Indonesia,Semarang,2019,6,755
South Korea,Seoul-Metro,Indonesia,Semarang,2019,7,529
South Korea,Seoul-Metro,Indonesia,Semarang,2019,8,466
South Korea,Seoul-Metro,Indonesia,Semarang,2019,9,419
South Korea,Seoul-Metro,Indonesia,Semarang,2019,10,313
South Korea,Seoul-Metro,Indonesia,Semarang,2019,11,320
South Korea,Seoul-Metro,Indonesia,Semarang,2019,12,442
South Korea,Seoul-Metro,Indonesia,Semarang,2020,1,357
South Korea,Seoul-Metro,Indonesia,Semarang,2020,2,441
South Korea,Seoul-Metro,Indonesia,Semarang,2020,3,248
South Korea,Seoul-Metro,Indonesia,Semarang,2020,4,133
South Korea,Seoul-Metro,Indonesia,Semarang,2020,5,8
South Korea,Seoul-Metro,Indonesia,Semarang,2020,6,91
South Korea,Seoul-Metro,Indonesia,Semarang,2020,7,50
South Korea,Seoul-Metro,Indonesia,Semarang,2020,8,79
South Korea,Seoul-Metro,Indonesia,Semarang,2020,9,9
South Korea,Seoul-Metro,Indonesia,Semarang,2020,10,14
South Korea,Seoul-Metro,Indonesia,Semarang,2020,11,13
South Korea,Seoul-Metro,Indonesia,Semarang,2020,12,21
South Korea,Seoul-Metro,Indonesia,Semarang,2021,1,5
South Korea,Seoul-Metro,Indonesia,Semarang,2021,2,5
South Korea,Seoul-Metro,Indonesia,Semarang,2021,3,9
South Korea,Seoul-Metro,Indonesia,Semarang,2021,4,5
South Korea,Seoul-Metro,Indonesia,Semarang,2021,5,2
South Korea,Seoul-Metro,Indonesia,Semarang,2021,6,5
South Korea,Seoul-Metro,Indonesia,Semarang,2021,7,2
South Korea,Seoul-Metro,Indonesia,Semarang,2021,8,0
South Korea,Seoul-Metro,Indonesia,Semarang,2021,9,7
South Korea,Seoul-Metro,Indonesia,Semarang,2021,10,6
South Korea,Seoul-Metro,Indonesia,Semarang,2021,12,5
South Korea,Seoul-Metro,Indonesia,Semarang,2022,4,7
South Korea,Seoul-Metro,Indonesia,Semarang,2022,6,10
South Korea,Seoul-Metro,Indonesia,Semarang,2022,7,68
South Korea,Seoul-Metro,Indonesia,Semarang,2022,8,86
South Korea,Seoul-Metro,Indonesia,Semarang,2022,9,93
South Korea,Seoul-Metro,Indonesia,Semarang,2022,10,115
South Korea,Seoul-Metro,Indonesia,Semarang,2022,11,152
South Korea,Seoul-Metro,Indonesia,Semarang,2022,12,207
South Korea,Seoul-Metro,Indonesia,Semarang,2023,1,213
South Korea,Seoul-Metro,Indonesia,Semarang,2023,2,311
South Korea,Seoul-Metro,Indonesia,Semarang,2023,3,284
South Korea,Seoul-Metro,Indonesia,Semarang,2023,4,220
South Korea,Seoul-Metro,Indonesia,Semarang,2023,5,238
South Korea,Seoul-Metro,Indonesia,Semarang,2023,6,216
South Korea,Seoul-Metro,Indonesia,Semarang,2023,7,262
South Korea,Seoul-Metro,Indonesia,Semarang,2023,8,365
South Korea,Seoul-Metro,Indonesia,Semarang,2023,9,247
South Korea,Seoul-Metro,Indonesia,Semarang,2023,10,317
South Korea,Seoul-Metro,Indonesia,Semarang,2023,11,234
South Korea,Seoul-Metro,Indonesia,Semarang,2023,12,283
South Korea,Seoul-Metro,Indonesia,Semarang,2024,1,302
South Korea,Seoul-Metro,Indonesia,Semarang,2024,2,278
South Korea,Seoul-Metro,Indonesia,Semarang,2024,3,324
South Korea,Seoul-Metro,Indonesia,Semarang,2024,4,495
South Korea,Seoul-Metro,Indonesia,Semarang,2024,5,461
South Korea,Seoul-Metro,Indonesia,Semarang,2024,6,464
South Korea,Seoul-Metro,Indonesia,Balikpapan,2018,1,181
South Korea,Seoul-Metro,Indonesia,Balikpapan,2018,2,59
South Korea,Seoul-Metro,Indonesia,Balikpapan,2018,3,123
South Korea,Seoul-Metro,Indonesia,Balikpapan,2018,4,138
South Korea,Seoul-Metro,Indonesia,Balikpapan,2018,5,70
South Korea,Seoul-Metro,Indonesia,Balikpapan,2018,6,88
South Korea,Seoul-Metro,Indonesia,Balikpapan,2018,7,205
South Korea,Seoul-Metro,Indonesia,Balikpapan,2018,8,78
South Korea,Seoul-Metro,Indonesia,Balikpapan,2018,9,177
South Korea,Seoul-Metro,Indonesia,Balikpapan,2018,10,70
South Korea,Seoul-Metro,Indonesia,Balikpapan,2018,11,94
South Korea,Seoul-Metro,Indonesia,Balikpapan,2018,12,78
South Korea,Seoul-Metro,Indonesia,Balikpapan,2019,1,119
South Korea,Seoul-Metro,Indonesia,Balikpapan,2019,2,116
South Korea,Seoul-Metro,Indonesia,Balikpapan,2019,3,135
South Korea,Seoul-Metro,Indonesia,Balikpapan,2019,4,89
South Korea,Seoul-Metro,Indonesia,Balikpapan,2019,5,92
South Korea,Seoul-Metro,Indonesia,Balikpapan,2019,6,59
South Korea,Seoul-Metro,Indonesia,Balikpapan,2019,7,153
South Korea,Seoul-Metro,Indonesia,Balikpapan,2019,8,43
South Korea,Seoul-Metro,Indonesia,Balikpapan,2019,9,107
South Korea,Seoul-Metro,Indonesia,Balikpapan,2019,10,89
South Korea,Seoul-Metro,Indonesia,Balikpapan,2019,11,102
South Korea,Seoul-Metro,Indonesia,Balikpapan,2019,12,51
South Korea,Seoul-Metro,Indonesia,Balikpapan,2020,1,139
South Korea,Seoul-Metro,Indonesia,Balikpapan,2020,2,95
South Korea,Seoul-Metro,Indonesia,Balikpapan,2020,3,27
South Korea,Seoul-Metro,Indonesia,Balikpapan,2020,4,6
South Korea,Seoul-Metro,Indonesia,Balikpapan,2020,5,1
South Korea,Seoul-Metro,Indonesia,Balikpapan,2020,7,10
South Korea,Seoul-Metro,Indonesia,Balikpapan,2020,8,20
South Korea,Seoul-Metro,Indonesia,Balikpapan,2020,9,19
South Korea,Seoul-Metro,Indonesia,Balikpapan,2020,12,1
South Korea,Seoul-Metro,Indonesia,Balikpapan,2021,1,1
South Korea,Seoul-Metro,Indonesia,Balikpapan,2021,2,1
South Korea,Seoul-Metro,Indonesia,Balikpapan,2021,3,4
South Korea,Seoul-Metro,Indonesia,Balikpapan,2021,4,2
South Korea,Seoul-Metro,Indonesia,Balikpapan,2021,5,1
South Korea,Seoul-Metro,Indonesia,Balikpapan,2021,6,1
South Korea,Seoul-Metro,Indonesia,Balikpapan,2021,7,1
South Korea,Seoul-Metro,Indonesia,Balikpapan,2021,8,1
South Korea,Seoul-Metro,Indonesia,Balikpapan,2021,9,4
South Korea,Seoul-Metro,Indonesia,Balikpapan,2021,10,1
South Korea,Seoul-Metro,Indonesia,Balikpapan,2021,12,0
South Korea,Seoul-Metro,Indonesia,Balikpapan,2022,2,1
South Korea,Seoul-Metro,Indonesia,Balikpapan,2022,4,6
South Korea,Seoul-Metro,Indonesia,Balikpapan,2022,5,14
South Korea,Seoul-Metro,Indonesia,Balikpapan,2022,6,105
South Korea,Seoul-Metro,Indonesia,Balikpapan,2022,7,96
South Korea,Seoul-Metro,Indonesia,Balikpapan,2022,8,119
South Korea,Seoul-Metro,Indonesia,Balikpapan,2022,9,114
South Korea,Seoul-Metro,Indonesia,Balikpapan,2022,10,106
South Korea,Seoul-Metro,Indonesia,Balikpapan,2022,11,137
South Korea,Seoul-Metro,Indonesia,Balikpapan,2022,12,131
South Korea,Seoul-Metro,Indonesia,Balikpapan,2023,1,125
South Korea,Seoul-Metro,Indonesia,Balikpapan,2023,2,158
South Korea,Seoul-Metro,Indonesia,Balikpapan,2023,3,204
South Korea,Seoul-Metro,Indonesia,Balikpapan,2023,4,167
South Korea,Seoul-Metro,Indonesia,Balikpapan,2023,5,147
South Korea,Seoul-Metro,Indonesia,Balikpapan,2023,6,177
South Korea,Seoul-Metro,Indonesia,Balikpapan,2023,7,133
South Korea,Seoul-Metro,Indonesia,Balikpapan,2023,8,215
South Korea,Seoul-Metro,Indonesia,Balikpapan,2023,9,213
South Korea,Seoul-Metro,Indonesia,Balikpapan,2023,10,157
South Korea,Seoul-Metro,Indonesia,Balikpapan,2023,11,156
South Korea,Seoul-Metro,Indonesia,Balikpapan,2023,12,139
South Korea,Seoul-Metro,Indonesia,Balikpapan,2024,1,194
South Korea,Seoul-Metro,Indonesia,Balikpapan,2024,2,202
South Korea,Seoul-Metro,Indonesia,Balikpapan,2024,3,227
South Korea,Seoul-Metro,Indonesia,Balikpapan,2024,4,238
South Korea,Seoul-Metro,Indonesia,Balikpapan,2024,5,205
South Korea,Seoul-Metro,Indonesia,Balikpapan,2024,6,189
South Korea,Jeju,Indonesia,Jakarta-Metro,2018,1,131
South Korea,Jeju,Indonesia,Jakarta-Metro,2018,2,56
South Korea,Jeju,Indonesia,Jakarta-Metro,2018,3,102
South Korea,Jeju,Indonesia,Jakarta-Metro,2018,4,101
South Korea,Jeju,Indonesia,Jakarta-Metro,2018,5,263
South Korea,Jeju,Indonesia,Jakarta-Metro,2018,6,81
South Korea,Jeju,Indonesia,Jakarta-Metro,2018,7,145
South Korea,Jeju,Indonesia,Jakarta-Metro,2018,8,83
South Korea,Jeju,Indonesia,Jakarta-Metro,2018,9,93
South Korea,Jeju,Indonesia,Jakarta-Metro,2018,10,301
South Korea,Jeju,Indonesia,Jakarta-Metro,2018,11,93
South Korea,Jeju,Indonesia,Jakarta-Metro,2018,12,76
South Korea,Jeju,Indonesia,Jakarta-Metro,2019,1,135
South Korea,Jeju,Indonesia,Jakarta-Metro,2019,2,71
South Korea,Jeju,Indonesia,Jakarta-Metro,2019,3,157
South Korea,Jeju,Indonesia,Jakarta-Metro,2019,4,106
South Korea,Jeju,Indonesia,Jakarta-Metro,2019,5,160
South Korea,Jeju,Indonesia,Jakarta-Metro,2019,6,208
South Korea,Jeju,Indonesia,Jakarta-Metro,2019,7,106
South Korea,Jeju,Indonesia,Jakarta-Metro,2019,8,194
South Korea,Jeju,Indonesia,Jakarta-Metro,2019,9,54
South Korea,Jeju,Indonesia,Jakarta-Metro,2019,10,198
South Korea,Jeju,Indonesia,Jakarta-Metro,2019,11,128
South Korea,Jeju,Indonesia,Jakarta-Metro,2019,12,142
South Korea,Jeju,Indonesia,Jakarta-Metro,2020,1,171
South Korea,Jeju,Indonesia,Jakarta-Metro,2020,2,91
South Korea,Jeju,Indonesia,Jakarta-Metro,2020,3,22
South Korea,Jeju,Indonesia,Jakarta-Metro,2020,4,6
South Korea,Jeju,Indonesia,Jakarta-Metro,2020,5,1
South Korea,Jeju,Indonesia,Jakarta-Metro,2020,6,1
South Korea,Jeju,Indonesia,Jakarta-Metro,2020,7,4
South Korea,Jeju,Indonesia,Jakarta-Metro,2020,9,3
South Korea,Jeju,Indonesia,Jakarta-Metro,2020,10,2
South Korea,Jeju,Indonesia,Jakarta-Metro,2020,12,2
South Korea,Jeju,Indonesia,Jakarta-Metro,2021,1,5
South Korea,Jeju,Indonesia,Jakarta-Metro,2021,2,22
South Korea,Jeju,Indonesia,Jakarta-Metro,2021,3,2
South Korea,Jeju,Indonesia,Jakarta-Metro,2021,4,1
South Korea,Jeju,Indonesia,Jakarta-Metro,2021,5,1
South Korea,Jeju,Indonesia,Jakarta-Metro,2021,6,2
South Korea,Jeju,Indonesia,Jakarta-Metro,2021,9,1
South Korea,Jeju,Indonesia,Jakarta-Metro,2021,10,2
South Korea,Jeju,Indonesia,Jakarta-Metro,2021,11,6
South Korea,Jeju,Indonesia,Jakarta-Metro,2022,1,6
South Korea,Jeju,Indonesia,Jakarta-Metro,2022,2,5
South Korea,Jeju,Indonesia,Jakarta-Metro,2022,3,8
South Korea,Jeju,Indonesia,Jakarta-Metro,2022,4,5
South Korea,Jeju,Indonesia,Jakarta-Metro,2022,5,6
South Korea,Jeju,Indonesia,Jakarta-Metro,2022,6,8
South Korea,Jeju,Indonesia,Jakarta-Metro,2022,7,23
South Korea,Jeju,Indonesia,Jakarta-Metro,2022,8,31
South Korea,Jeju,Indonesia,Jakarta-Metro,2022,9,33
South Korea,Jeju,Indonesia,Jakarta-Metro,2022,10,39
South Korea,Jeju,Indonesia,Jakarta-Metro,2022,11,57
South Korea,Jeju,Indonesia,Jakarta-Metro,2022,12,53
South Korea,Jeju,Indonesia,Jakarta-Metro,2023,1,53
South Korea,Jeju,Indonesia,Jakarta-Metro,2023,2,58
South Korea,Jeju,Indonesia,Jakarta-Metro,2023,3,122
South Korea,Jeju,Indonesia,Jakarta-Metro,2023,4,99
South Korea,Jeju,Indonesia,Jakarta-Metro,2023,5,46
South Korea,Jeju,Indonesia,Jakarta-Metro,2023,6,69
South Korea,Jeju,Indonesia,Jakarta-Metro,2023,7,79
South Korea,Jeju,Indonesia,Jakarta-Metro,2023,8,48
South Korea,Jeju,Indonesia,Jakarta-Metro,2023,9,66
South Korea,Jeju,Indonesia,Jakarta-Metro,2023,10,101
South Korea,Jeju,Indonesia,Jakarta-Metro,2023,11,313
South Korea,Jeju,Indonesia,Jakarta-Metro,2023,12,166
South Korea,Jeju,Indonesia,Jakarta-Metro,2024,1,114
South Korea,Jeju,Indonesia,Jakarta-Metro,2024,2,96
South Korea,Jeju,Indonesia,Jakarta-Metro,2024,3,222
South Korea,Jeju,Indonesia,Jakarta-Metro,2024,4,118
South Korea,Jeju,Indonesia,Jakarta-Metro,2024,5,162
South Korea,Jeju,Indonesia,Jakarta-Metro,2024,6,116
South Korea,Busan,Indonesia,Surabaya,2018,1,147
South Korea,Busan,Indonesia,Surabaya,2018,2,177
South Korea,Busan,Indonesia,Surabaya,2018,3,145
South Korea,Busan,Indonesia,Surabaya,2018,4,172
South Korea,Busan,Indonesia,Surabaya,2018,5,202
South Korea,Busan,Indonesia,Surabaya,2018,6,94
South Korea,Busan,Indonesia,Surabaya,2018,7,178
South Korea,Busan,Indonesia,Surabaya,2018,8,182
South Korea,Busan,Indonesia,Surabaya,2018,9,82
South Korea,Busan,Indonesia,Surabaya,2018,10,89
South Korea,Busan,Indonesia,Surabaya,2018,11,103
South Korea,Busan,Indonesia,Surabaya,2018,12,154
South Korea,Busan,Indonesia,Surabaya,2019,1,143
South Korea,Busan,Indonesia,Surabaya,2019,2,117
South Korea,Busan,Indonesia,Surabaya,2019,3,112
South Korea,Busan,Indonesia,Surabaya,2019,4,112
South Korea,Busan,Indonesia,Surabaya,2019,5,127
South Korea,Busan,Indonesia,Surabaya,2019,6,139
South Korea,Busan,Indonesia,Surabaya,2019,7,170
South Korea,Busan,Indonesia,Surabaya,2019,8,113
South Korea,Busan,Indonesia,Surabaya,2019,9,95
South Korea,Busan,Indonesia,Surabaya,2019,10,116
South Korea,Busan,Indonesia,Surabaya,2019,11,126
South Korea,Busan,Indonesia,Surabaya,2019,12,174
South Korea,Busan,Indonesia,Surabaya,2020,1,163
South Korea,Busan,Indonesia,Surabaya,2020,2,138
South Korea,Busan,Indonesia,Surabaya,2020,3,23
South Korea,Busan,Indonesia,Surabaya,2020,6,1
South Korea,Busan,Indonesia,Surabaya,2020,7,4
South Korea,Busan,Indonesia,Surabaya,2020,9,2
South Korea,Busan,Indonesia,Surabaya,2022,5,3
South Korea,Busan,Indonesia,Surabaya,2022,6,14
South Korea,Busan,Indonesia,Surabaya,2022,7,5
South Korea,Busan,Indonesia,Surabaya,2022,8,16
South Korea,Busan,Indonesia,Surabaya,2022,9,13
South Korea,Busan,Indonesia,Surabaya,2022,10,24
South Korea,Busan,Indonesia,Surabaya,2022,11,43
South Korea,Busan,Indonesia,Surabaya,2022,12,57
South Korea,Busan,Indonesia,Surabaya,2023,1,56
South Korea,Busan,Indonesia,Surabaya,2023,2,31
South Korea,Busan,Indonesia,Surabaya,2023,3,33
South Korea,Busan,Indonesia,Surabaya,2023,4,49
South Korea,Busan,Indonesia,Surabaya,2023,5,69
South Korea,Busan,Indonesia,Surabaya,2023,6,54
South Korea,Busan,Indonesia,Surabaya,2023,7,61
South Korea,Busan,Indonesia,Surabaya,2023,8,38
South Korea,Busan,Indonesia,Surabaya,2023,9,78
South Korea,Busan,Indonesia,Surabaya,2023,10,62
South Korea,Busan,Indonesia,Surabaya,2023,11,73
South Korea,Busan,Indonesia,Surabaya,2023,12,50
South Korea,Busan,Indonesia,Surabaya,2024,1,58
South Korea,Busan,Indonesia,Surabaya,2024,2,63
South Korea,Busan,Indonesia,Surabaya,2024,3,44
South Korea,Busan,Indonesia,Surabaya,2024,4,103
South Korea,Busan,Indonesia,Surabaya,2024,5,75
South Korea,Busan,Indonesia,Surabaya,2024,6,57
South Korea,Seoul-Metro,Indonesia,Praya,2018,1,210
South Korea,Seoul-Metro,Indonesia,Praya,2018,2,190
South Korea,Seoul-Metro,Indonesia,Praya,2018,3,165
South Korea,Seoul-Metro,Indonesia,Praya,2018,4,245
South Korea,Seoul-Metro,Indonesia,Praya,2018,5,257
South Korea,Seoul-Metro,Indonesia,Praya,2018,6,257
South Korea,Seoul-Metro,Indonesia,Praya,2018,7,269
South Korea,Seoul-Metro,Indonesia,Praya,2018,8,168
South Korea,Seoul-Metro,Indonesia,Praya,2018,9,61
South Korea,Seoul-Metro,Indonesia,Praya,2018,10,65
South Korea,Seoul-Metro,Indonesia,Praya,2018,11,93
South Korea,Seoul-Metro,Indonesia,Praya,2018,12,72
South Korea,Seoul-Metro,Indonesia,Praya,2019,1,150
South Korea,Seoul-Metro,Indonesia,Praya,2019,2,107
South Korea,Seoul-Metro,Indonesia,Praya,2019,3,32
South Korea,Seoul-Metro,Indonesia,Praya,2019,4,54
South Korea,Seoul-Metro,Indonesia,Praya,2019,5,46
South Korea,Seoul-Metro,Indonesia,Praya,2019,6,52
South Korea,Seoul-Metro,Indonesia,Praya,2019,7,104
South Korea,Seoul-Metro,Indonesia,Praya,2019,8,90
South Korea,Seoul-Metro,Indonesia,Praya,2019,9,130
South Korea,Seoul-Metro,Indonesia,Praya,2019,10,65
South Korea,Seoul-Metro,Indonesia,Praya,2019,11,55
South Korea,Seoul-Metro,Indonesia,Praya,2019,12,84
South Korea,Seoul-Metro,Indonesia,Praya,2020,1,87
South Korea,Seoul-Metro,Indonesia,Praya,2020,2,68
South Korea,Seoul-Metro,Indonesia,Praya,2020,3,35
South Korea,Seoul-Metro,Indonesia,Praya,2020,4,2
South Korea,Seoul-Metro,Indonesia,Praya,2020,8,1
South Korea,Seoul-Metro,Indonesia,Praya,2020,10,2
South Korea,Seoul-Metro,Indonesia,Praya,2020,11,9
South Korea,Seoul-Metro,Indonesia,Praya,2020,12,3
South Korea,Seoul-Metro,Indonesia,Praya,2021,1,1
South Korea,Seoul-Metro,Indonesia,Praya,2021,2,0
South Korea,Seoul-Metro,Indonesia,Praya,2021,3,2
South Korea,Seoul-Metro,Indonesia,Praya,2021,4,1
South Korea,Seoul-Metro,Indonesia,Praya,2021,5,1
South Korea,Seoul-Metro,Indonesia,Praya,2021,6,1
South Korea,Seoul-Metro,Indonesia,Praya,2021,7,0
South Korea,Seoul-Metro,Indonesia,Praya,2021,8,1
South Korea,Seoul-Metro,Indonesia,Praya,2021,9,1
South Korea,Seoul-Metro,Indonesia,Praya,2021,10,0
South Korea,Seoul-Metro,Indonesia,Praya,2021,12,1
South Korea,Seoul-Metro,Indonesia,Praya,2022,2,0
South Korea,Seoul-Metro,Indonesia,Praya,2022,3,3
South Korea,Seoul-Metro,Indonesia,Praya,2022,4,2
South Korea,Seoul-Metro,Indonesia,Praya,2022,6,11
South Korea,Seoul-Metro,Indonesia,Praya,2022,7,21
South Korea,Seoul-Metro,Indonesia,Praya,2022,8,18
South Korea,Seoul-Metro,Indonesia,Praya,2022,9,38
South Korea,Seoul-Metro,Indonesia,Praya,2022,10,45
South Korea,Seoul-Metro,Indonesia,Praya,2022,11,23
South Korea,Seoul-Metro,Indonesia,Praya,2022,12,25
South Korea,Seoul-Metro,Indonesia,Praya,2023,1,42
South Korea,Seoul-Metro,Indonesia,Praya,2023,2,47
South Korea,Seoul-Metro,Indonesia,Praya,2023,3,22
South Korea,Seoul-Metro,Indonesia,Praya,2023,4,23
South Korea,Seoul-Metro,Indonesia,Praya,2023,5,37
South Korea,Seoul-Metro,Indonesia,Praya,2023,6,39
South Korea,Seoul-Metro,Indonesia,Praya,2023,7,105
South Korea,Seoul-Metro,Indonesia,Praya,2023,8,91
South Korea,Seoul-Metro,Indonesia,Praya,2023,9,49
South Korea,Seoul-Metro,Indonesia,Praya,2023,10,61
South Korea,Seoul-Metro,Indonesia,Praya,2023,11,37
South Korea,Seoul-Metro,Indonesia,Praya,2023,12,49
South Korea,Seoul-Metro,Indonesia,Praya,2024,1,28
South Korea,Seoul-Metro,Indonesia,Praya,2024,2,42
South Korea,Seoul-Metro,Indonesia,Praya,2024,3,33
South Korea,Seoul-Metro,Indonesia,Praya,2024,4,33
South Korea,Seoul-Metro,Indonesia,Praya,2024,5,41
South Korea,Seoul-Metro,Indonesia,Praya,2024,6,27
South Korea,Seoul-Metro,Indonesia,Palembang,2018,1,74
South Korea,Seoul-Metro,Indonesia,Palembang,2018,2,64
South Korea,Seoul-Metro,Indonesia,Palembang,2018,3,116
South Korea,Seoul-Metro,Indonesia,Palembang,2018,4,64
South Korea,Seoul-Metro,Indonesia,Palembang,2018,5,95
South Korea,Seoul-Metro,Indonesia,Palembang,2018,6,52
South Korea,Seoul-Metro,Indonesia,Palembang,2018,7,128
South Korea,Seoul-Metro,Indonesia,Palembang,2018,8,791
South Korea,Seoul-Metro,Indonesia,Palembang,2018,9,116
South Korea,Seoul-Metro,Indonesia,Palembang,2018,10,95
South Korea,Seoul-Metro,Indonesia,Palembang,2018,11,116
South Korea,Seoul-Metro,Indonesia,Palembang,2018,12,83
South Korea,Seoul-Metro,Indonesia,Palembang,2019,1,72
South Korea,Seoul-Metro,Indonesia,Palembang,2019,2,152
South Korea,Seoul-Metro,Indonesia,Palembang,2019,3,64
South Korea,Seoul-Metro,Indonesia,Palembang,2019,4,50
South Korea,Seoul-Metro,Indonesia,Palembang,2019,5,57
South Korea,Seoul-Metro,Indonesia,Palembang,2019,6,48
South Korea,Seoul-Metro,Indonesia,Palembang,2019,7,86
South Korea,Seoul-Metro,Indonesia,Palembang,2019,8,159
South Korea,Seoul-Metro,Indonesia,Palembang,2019,9,46
South Korea,Seoul-Metro,Indonesia,Palembang,2019,10,48
South Korea,Seoul-Metro,Indonesia,Palembang,2019,11,56
South Korea,Seoul-Metro,Indonesia,Palembang,2019,12,45
South Korea,Seoul-Metro,Indonesia,Palembang,2020,1,68
South Korea,Seoul-Metro,Indonesia,Palembang,2020,2,27
South Korea,Seoul-Metro,Indonesia,Palembang,2020,3,22
South Korea,Seoul-Metro,Indonesia,Palembang,2020,4,10
South Korea,Seoul-Metro,Indonesia,Palembang,2020,5,8
South Korea,Seoul-Metro,Indonesia,Palembang,2020,6,6
South Korea,Seoul-Metro,Indonesia,Palembang,2020,7,13
South Korea,Seoul-Metro,Indonesia,Palembang,2020,8,8
South Korea,Seoul-Metro,Indonesia,Palembang,2020,9,8
South Korea,Seoul-Metro,Indonesia,Palembang,2020,10,4
South Korea,Seoul-Metro,Indonesia,Palembang,2020,11,5
South Korea,Seoul-Metro,Indonesia,Palembang,2020,12,9
South Korea,Seoul-Metro,Indonesia,Palembang,2021,1,6
South Korea,Seoul-Metro,Indonesia,Palembang,2021,2,6
South Korea,Seoul-Metro,Indonesia,Palembang,2021,3,7
South Korea,Seoul-Metro,Indonesia,Palembang,2021,4,7
South Korea,Seoul-Metro,Indonesia,Palembang,2021,5,4
South Korea,Seoul-Metro,Indonesia,Palembang,2021,6,5
South Korea,Seoul-Metro,Indonesia,Palembang,2021,7,1
South Korea,Seoul-Metro,Indonesia,Palembang,2021,8,1
South Korea,Seoul-Metro,Indonesia,Palembang,2021,9,2
South Korea,Seoul-Metro,Indonesia,Palembang,2021,10,1
South Korea,Seoul-Metro,Indonesia,Palembang,2021,12,1
South Korea,Seoul-Metro,Indonesia,Palembang,2022,1,2
South Korea,Seoul-Metro,Indonesia,Palembang,2022,2,2
South Korea,Seoul-Metro,Indonesia,Palembang,2022,3,2
South Korea,Seoul-Metro,Indonesia,Palembang,2022,4,4
South Korea,Seoul-Metro,Indonesia,Palembang,2022,5,5
South Korea,Seoul-Metro,Indonesia,Palembang,2022,6,9
South Korea,Seoul-Metro,Indonesia,Palembang,2022,7,18
South Korea,Seoul-Metro,Indonesia,Palembang,2022,8,28
South Korea,Seoul-Metro,Indonesia,Palembang,2022,9,23
South Korea,Seoul-Metro,Indonesia,Palembang,2022,10,17
South Korea,Seoul-Metro,Indonesia,Palembang,2022,11,20
South Korea,Seoul-Metro,Indonesia,Palembang,2022,12,23
South Korea,Seoul-Metro,Indonesia,Palembang,2023,1,30
South Korea,Seoul-Metro,Indonesia,Palembang,2023,2,35
South Korea,Seoul-Metro,Indonesia,Palembang,2023,3,32
South Korea,Seoul-Metro,Indonesia,Palembang,2023,4,34
South Korea,Seoul-Metro,Indonesia,Palembang,2023,5,32
South Korea,Seoul-Metro,Indonesia,Palembang,2023,6,46
South Korea,Seoul-Metro,Indonesia,Palembang,2023,7,24
South Korea,Seoul-Metro,Indonesia,Palembang,2023,8,34
South Korea,Seoul-Metro,Indonesia,Palembang,2023,9,101
South Korea,Seoul-Metro,Indonesia,Palembang,2023,10,33
South Korea,Seoul-Metro,Indonesia,Palembang,2023,11,30
South Korea,Seoul-Metro,Indonesia,Palembang,2023,12,31
South Korea,Seoul-Metro,Indonesia,Palembang,2024,1,131
South Korea,Seoul-Metro,Indonesia,Palembang,2024,2,22
South Korea,Seoul-Metro,Indonesia,Palembang,2024,3,35
South Korea,Seoul-Metro,Indonesia,Palembang,2024,4,44
South Korea,Seoul-Metro,Indonesia,Palembang,2024,5,29
South Korea,Seoul-Metro,Indonesia,Palembang,2024,6,41
South Korea,Seoul-Metro,Indonesia,Manado,2018,1,64
South Korea,Seoul-Metro,Indonesia,Manado,2018,2,52
South Korea,Seoul-Metro,Indonesia,Manado,2018,3,70
South Korea,Seoul-Metro,Indonesia,Manado,2018,4,123
South Korea,Seoul-Metro,Indonesia,Manado,2018,5,167
South Korea,Seoul-Metro,Indonesia,Manado,2018,6,147
South Korea,Seoul-Metro,Indonesia,Manado,2018,7,175
South Korea,Seoul-Metro,Indonesia,Manado,2018,8,90
South Korea,Seoul-Metro,Indonesia,Manado,2018,9,186
South Korea,Seoul-Metro,Indonesia,Manado,2018,10,166
South Korea,Seoul-Metro,Indonesia,Manado,2018,11,39
South Korea,Seoul-Metro,Indonesia,Manado,2018,12,54
South Korea,Seoul-Metro,Indonesia,Manado,2019,1,110
South Korea,Seoul-Metro,Indonesia,Manado,2019,2,55
South Korea,Seoul-Metro,Indonesia,Manado,2019,3,49
South Korea,Seoul-Metro,Indonesia,Manado,2019,4,151
South Korea,Seoul-Metro,Indonesia,Manado,2019,5,217
South Korea,Seoul-Metro,Indonesia,Manado,2019,6,111
South Korea,Seoul-Metro,Indonesia,Manado,2019,7,115
South Korea,Seoul-Metro,Indonesia,Manado,2019,8,136
South Korea,Seoul-Metro,Indonesia,Manado,2019,9,52
South Korea,Seoul-Metro,Indonesia,Manado,2019,10,185
South Korea,Seoul-Metro,Indonesia,Manado,2019,11,90
South Korea,Seoul-Metro,Indonesia,Manado,2019,12,49
South Korea,Seoul-Metro,Indonesia,Manado,2020,1,198
South Korea,Seoul-Metro,Indonesia,Manado,2020,2,139
South Korea,Seoul-Metro,Indonesia,Manado,2020,3,29
South Korea,Seoul-Metro,Indonesia,Manado,2020,4,1
South Korea,Seoul-Metro,Indonesia,Manado,2020,5,2
South Korea,Seoul-Metro,Indonesia,Manado,2020,6,1
South Korea,Seoul-Metro,Indonesia,Manado,2020,7,8
South Korea,Seoul-Metro,Indonesia,Manado,2020,8,3
South Korea,Seoul-Metro,Indonesia,Manado,2020,9,4
South Korea,Seoul-Metro,Indonesia,Manado,2020,12,1
South Korea,Seoul-Metro,Indonesia,Manado,2021,1,2
South Korea,Seoul-Metro,Indonesia,Manado,2021,2,1
South Korea,Seoul-Metro,Indonesia,Manado,2021,3,2
South Korea,Seoul-Metro,Indonesia,Manado,2021,4,1
South Korea,Seoul-Metro,Indonesia,Manado,2021,6,0
South Korea,Seoul-Metro,Indonesia,Manado,2021,8,1
South Korea,Seoul-Metro,Indonesia,Manado,2021,9,2
South Korea,Seoul-Metro,Indonesia,Manado,2021,10,2
South Korea,Seoul-Metro,Indonesia,Manado,2021,11,2
South Korea,Seoul-Metro,Indonesia,Manado,2021,12,3
South Korea,Seoul-Metro,Indonesia,Manado,2022,2,0
South Korea,Seoul-Metro,Indonesia,Manado,2022,3,0
South Korea,Seoul-Metro,Indonesia,Manado,2022,4,1
South Korea,Seoul-Metro,Indonesia,Manado,2022,6,25
South Korea,Seoul-Metro,Indonesia,Manado,2022,7,32
South Korea,Seoul-Metro,Indonesia,Manado,2022,8,64
South Korea,Seoul-Metro,Indonesia,Manado,2022,9,39
South Korea,Seoul-Metro,Indonesia,Manado,2022,10,36
South Korea,Seoul-Metro,Indonesia,Manado,2022,11,13
South Korea,Seoul-Metro,Indonesia,Manado,2022,12,28
South Korea,Seoul-Metro,Indonesia,Manado,2023,1,42
South Korea,Seoul-Metro,Indonesia,Manado,2023,2,37
South Korea,Seoul-Metro,Indonesia,Manado,2023,3,23
South Korea,Seoul-Metro,Indonesia,Manado,2023,4,43
South Korea,Seoul-Metro,Indonesia,Manado,2023,5,14
South Korea,Seoul-Metro,Indonesia,Manado,2023,6,18
South Korea,Seoul-Metro,Indonesia,Manado,2023,7,19
South Korea,Seoul-Metro,Indonesia,Manado,2023,8,13
South Korea,Seoul-Metro,Indonesia,Manado,2023,9,32
South Korea,Seoul-Metro,Indonesia,Manado,2023,10,19
South Korea,Seoul-Metro,Indonesia,Manado,2023,11,35
South Korea,Seoul-Metro,Indonesia,Manado,2023,12,29
South Korea,Seoul-Metro,Indonesia,Manado,2024,1,19
South Korea,Seoul-Metro,Indonesia,Manado,2024,2,22
South Korea,Seoul-Metro,Indonesia,Manado,2024,3,14
South Korea,Seoul-Metro,Indonesia,Manado,2024,4,10
South Korea,Seoul-Metro,Indonesia,Manado,2024,5,16
South Korea,Seoul-Metro,Indonesia,Manado,2024,6,13
South Korea,Seoul-Metro,Indonesia,Makassar,2018,1,69
South Korea,Seoul-Metro,Indonesia,Makassar,2018,2,45
South Korea,Seoul-Metro,Indonesia,Makassar,2018,3,147
South Korea,Seoul-Metro,Indonesia,Makassar,2018,4,147
South Korea,Seoul-Metro,Indonesia,Makassar,2018,5,65
South Korea,Seoul-Metro,Indonesia,Makassar,2018,6,122
South Korea,Seoul-Metro,Indonesia,Makassar,2018,7,139
South Korea,Seoul-Metro,Indonesia,Makassar,2018,8,45
South Korea,Seoul-Metro,Indonesia,Makassar,2018,9,137
South Korea,Seoul-Metro,Indonesia,Makassar,2018,10,130
South Korea,Seoul-Metro,Indonesia,Makassar,2018,11,187
South Korea,Seoul-Metro,Indonesia,Makassar,2018,12,51
South Korea,Seoul-Metro,Indonesia,Makassar,2019,1,80
South Korea,Seoul-Metro,Indonesia,Makassar,2019,2,42
South Korea,Seoul-Metro,Indonesia,Makassar,2019,3,85
South Korea,Seoul-Metro,Indonesia,Makassar,2019,4,86
South Korea,Seoul-Metro,Indonesia,Makassar,2019,5,96
South Korea,Seoul-Metro,Indonesia,Makassar,2019,6,43
South Korea,Seoul-Metro,Indonesia,Makassar,2019,7,161
South Korea,Seoul-Metro,Indonesia,Makassar,2019,8,42
South Korea,Seoul-Metro,Indonesia,Makassar,2019,9,70
South Korea,Seoul-Metro,Indonesia,Makassar,2019,10,67
South Korea,Seoul-Metro,Indonesia,Makassar,2019,11,79
South Korea,Seoul-Metro,Indonesia,Makassar,2019,12,27
South Korea,Seoul-Metro,Indonesia,Makassar,2020,1,33
South Korea,Seoul-Metro,Indonesia,Makassar,2020,2,36
South Korea,Seoul-Metro,Indonesia,Makassar,2020,3,11
South Korea,Seoul-Metro,Indonesia,Makassar,2020,4,9
South Korea,Seoul-Metro,Indonesia,Makassar,2020,5,1
South Korea,Seoul-Metro,Indonesia,Makassar,2020,7,5
South Korea,Seoul-Metro,Indonesia,Makassar,2020,8,4
South Korea,Seoul-Metro,Indonesia,Makassar,2020,9,2
South Korea,Seoul-Metro,Indonesia,Makassar,2020,12,1
South Korea,Seoul-Metro,Indonesia,Makassar,2021,1,4
South Korea,Seoul-Metro,Indonesia,Makassar,2021,2,2
South Korea,Seoul-Metro,Indonesia,Makassar,2021,3,5
South Korea,Seoul-Metro,Indonesia,Makassar,2021,4,6
South Korea,Seoul-Metro,Indonesia,Makassar,2021,5,3
South Korea,Seoul-Metro,Indonesia,Makassar,2021,6,4
South Korea,Seoul-Metro,Indonesia,Makassar,2021,7,1
South Korea,Seoul-Metro,Indonesia,Makassar,2021,8,1
South Korea,Seoul-Metro,Indonesia,Makassar,2021,9,2
South Korea,Seoul-Metro,Indonesia,Makassar,2021,10,2
South Korea,Seoul-Metro,Indonesia,Makassar,2021,11,3
South Korea,Seoul-Metro,Indonesia,Makassar,2021,12,5
South Korea,Seoul-Metro,Indonesia,Makassar,2022,1,6
South Korea,Seoul-Metro,Indonesia,Makassar,2022,2,6
South Korea,Seoul-Metro,Indonesia,Makassar,2022,3,8
South Korea,Seoul-Metro,Indonesia,Makassar,2022,4,12
South Korea,Seoul-Metro,Indonesia,Makassar,2022,5,4
South Korea,Seoul-Metro,Indonesia,Makassar,2022,6,16
South Korea,Seoul-Metro,Indonesia,Makassar,2022,7,21
South Korea,Seoul-Metro,Indonesia,Makassar,2022,8,33
South Korea,Seoul-Metro,Indonesia,Makassar,2022,9,30
South Korea,Seoul-Metro,Indonesia,Makassar,2022,10,24
South Korea,Seoul-Metro,Indonesia,Makassar,2022,11,15
South Korea,Seoul-Metro,Indonesia,Makassar,2022,12,17
South Korea,Seoul-Metro,Indonesia,Makassar,2023,1,21
South Korea,Seoul-Metro,Indonesia,Makassar,2023,2,18
South Korea,Seoul-Metro,Indonesia,Makassar,2023,3,13
South Korea,Seoul-Metro,Indonesia,Makassar,2023,4,28
South Korea,Seoul-Metro,Indonesia,Makassar,2023,5,39
South Korea,Seoul-Metro,Indonesia,Makassar,2023,6,42
South Korea,Seoul-Metro,Indonesia,Makassar,2023,7,24
South Korea,Seoul-Metro,Indonesia,Makassar,2023,8,20
South Korea,Seoul-Metro,Indonesia,Makassar,2023,9,28
South Korea,Seoul-Metro,Indonesia,Makassar,2023,10,33
South Korea,Seoul-Metro,Indonesia,Makassar,2023,11,22
South Korea,Seoul-Metro,Indonesia,Makassar,2023,12,22
South Korea,Seoul-Metro,Indonesia,Makassar,2024,1,22
South Korea,Seoul-Metro,Indonesia,Makassar,2024,2,18
South Korea,Seoul-Metro,Indonesia,Makassar,2024,3,12
South Korea,Seoul-Metro,Indonesia,Makassar,2024,4,19
South Korea,Seoul-Metro,Indonesia,Makassar,2024,5,5
South Korea,Seoul-Metro,Indonesia,Makassar,2024,6,10
South Korea,Seoul-Metro,Indonesia,Pekanbaru,2018,1,302
South Korea,Seoul-Metro,Indonesia,Pekanbaru,2018,2,120
South Korea,Seoul-Metro,Indonesia,Pekanbaru,2018,3,84
South Korea,Seoul-Metro,Indonesia,Pekanbaru,2018,4,35
South Korea,Seoul-Metro,Indonesia,Pekanbaru,2018,5,29
South Korea,Seoul-Metro,Indonesia,Pekanbaru,2018,6,28
South Korea,Seoul-Metro,Indonesia,Pekanbaru,2018,7,71
South Korea,Seoul-Metro,Indonesia,Pekanbaru,2018,8,63
South Korea,Seoul-Metro,Indonesia,Pekanbaru,2018,9,22
South Korea,Seoul-Metro,Indonesia,Pekanbaru,2018,10,48
South Korea,Seoul-Metro,Indonesia,Pekanbaru,2018,11,73
South Korea,Seoul-Metro,Indonesia,Pekanbaru,2018,12,50
South Korea,Seoul-Metro,Indonesia,Pekanbaru,2019,1,69
South Korea,Seoul-Metro,Indonesia,Pekanbaru,2019,2,19
South Korea,Seoul-Metro,Indonesia,Pekanbaru,2019,3,34
South Korea,Seoul-Metro,Indonesia,Pekanbaru,2019,4,26
South Korea,Seoul-Metro,Indonesia,Pekanbaru,2019,5,62
South Korea,Seoul-Metro,Indonesia,Pekanbaru,2019,6,20
South Korea,Seoul-Metro,Indonesia,Pekanbaru,2019,7,44
South Korea,Seoul-Metro,Indonesia,Pekanbaru,2019,8,99
South Korea,Seoul-Metro,Indonesia,Pekanbaru,2019,9,25
South Korea,Seoul-Metro,Indonesia,Pekanbaru,2019,10,34
South Korea,Seoul-Metro,Indonesia,Pekanbaru,2019,11,35
South Korea,Seoul-Metro,Indonesia,Pekanbaru,2019,12,38
South Korea,Seoul-Metro,Indonesia,Pekanbaru,2020,1,84
South Korea,Seoul-Metro,Indonesia,Pekanbaru,2020,2,43
South Korea,Seoul-Metro,Indonesia,Pekanbaru,2020,3,12
South Korea,Seoul-Metro,Indonesia,Pekanbaru,2020,4,0
South Korea,Seoul-Metro,Indonesia,Pekanbaru,2020,5,1
South Korea,Seoul-Metro,Indonesia,Pekanbaru,2020,6,0
South Korea,Seoul-Metro,Indonesia,Pekanbaru,2020,7,4
South Korea,Seoul-Metro,Indonesia,Pekanbaru,2020,8,1
South Korea,Seoul-Metro,Indonesia,Pekanbaru,2020,11,1
South Korea,Seoul-Metro,Indonesia,Pekanbaru,2020,12,3
South Korea,Seoul-Metro,Indonesia,Pekanbaru,2021,1,2
South Korea,Seoul-Metro,Indonesia,Pekanbaru,2022,5,3
South Korea,Seoul-Metro,Indonesia,Pekanbaru,2022,6,3
South Korea,Seoul-Metro,Indonesia,Pekanbaru,2022,7,12
South Korea,Seoul-Metro,Indonesia,Pekanbaru,2022,8,23
South Korea,Seoul-Metro,Indonesia,Pekanbaru,2022,9,19
South Korea,Seoul-Metro,Indonesia,Pekanbaru,2022,10,20
South Korea,Seoul-Metro,Indonesia,Pekanbaru,2022,11,19
South Korea,Seoul-Metro,Indonesia,Pekanbaru,2022,12,32
South Korea,Seoul-Metro,Indonesia,Pekanbaru,2023,1,34
South Korea,Seoul-Metro,Indonesia,Pekanbaru,2023,2,25
South Korea,Seoul-Metro,Indonesia,Pekanbaru,2023,3,38
South Korea,Seoul-Metro,Indonesia,Pekanbaru,2023,4,23
South Korea,Seoul-Metro,Indonesia,Pekanbaru,2023,5,35
South Korea,Seoul-Metro,Indonesia,Pekanbaru,2023,6,165
South Korea,Seoul-Metro,Indonesia,Pekanbaru,2023,7,33
South Korea,Seoul-Metro,Indonesia,Pekanbaru,2023,8,66
South Korea,Seoul-Metro,Indonesia,Pekanbaru,2023,9,26
South Korea,Seoul-Metro,Indonesia,Pekanbaru,2023,10,74
South Korea,Seoul-Metro,Indonesia,Pekanbaru,2023,11,46
South Korea,Seoul-Metro,Indonesia,Pekanbaru,2023,12,29
South Korea,Seoul-Metro,Indonesia,Pekanbaru,2024,1,55
South Korea,Seoul-Metro,Indonesia,Pekanbaru,2024,2,41
South Korea,Seoul-Metro,Indonesia,Pekanbaru,2024,3,40
South Korea,Seoul-Metro,Indonesia,Pekanbaru,2024,4,59
South Korea,Seoul-Metro,Indonesia,Pekanbaru,2024,5,36
South Korea,Seoul-Metro,Indonesia,Pekanbaru,2024,6,48
